"gene1","gene2","p.value","q.value"
"IDH1","ATRX",1.0497719249436e-07,0.000722409791251895
