"gene1","gene2","p.value","q.value"
"TP53","ATRX",6.66133814775094e-16,2.22639219036864e-12
"CIC","FUBP1",2.31462535582594e-07,0.000666885098929169
