"gene1","gene2","p.value","q.value"
"CDKN2A","GNAS",0.00109420265084337,0.00877371199792573
"ARID1A","CDKN2A",0.00109420265084337,0.00877371199792573
