"gene1","gene2","p.value","q.value"
"NRAS","BRAF",1.11598358573155e-12,1.11598358573155e-12
"HRAS","BRAF",7.80565081258995e-06,6.22234360605215e-06
