"gene1","gene2","p.value","q.value"
"GNA11","GNAQ",2.99787008979762e-08,2.99787008979762e-08
